0,0,0,0
0,0,0,0
0,0,0,0
0,0,0,0
0,0,0,0
0,0,0,0
0,0,0,0
0,0,0,0
0,0,0,0
0,0,0,0
0,0,0,0
0,0,0,0
0,0,0,0
0,0,0,0
0,0,0,0
0,0,0,0
0,0,0,0
0,0,0,0
0,0,0,0
0,0,0,0
0,0,0,0
0,0,0,0
0,0,0,0
0,0,0,0
0,0,0,0
0,0,0,0
0,0,0,0
0,0,0,0
0,0,0,0
0,0,0,0
0,0,0,0
0,0,0,0
0,0,0,0
0,0,0,0
0,0,0,0
0,0,0,0
0,0,0,0
0,0,0,0
0,0,0,0
0,0,0,0
0,0,0,0
1,1,0,0
1,1,0,0
1,1,0,0
1,1,0,0
0,0,0,0
2,2,0,0
2,2,0,0
2,2,1,1
2,2,2,2
2,2,2,2
2,2,2,2
3,3,2,2
3,3,2,2
3,3,2,2
3,3,3,3
2,2,3,3
2,2,3,3
2,2,3,3
1,1,2,2
0,0,2,2
0,0,1,1
0,0,0,0
0,0,0,0
-1,-1,0,0
-2,-2,0,0
-3,-3,-1,-1
-4,-4,-1,-1
-5,-5,-2,-2
-6,-6,-3,-3
-7,-7,-4,-4
-8,-8,-5,-5
-9,-9,-6,-6
-9,-9,-7,-7
-9,-9,-8,-8
-9,-9,-9,-9
-9,-9,-9,-9
-10,-10,-9,-9
-10,-10,-9,-9
-11,-11,-10,-10
-10,-10,-10,-10
-9,-9,-10,-10
-8,-8,-9,-9
-7,-7,-9,-9
-5,-5,-8,-8
-3,-3,-7,-7
-1,-1,-5,-5
0,0,-3,-3
2,2,-1,-1
5,5,0,0
8,8,1,1
11,11,4,4
13,13,7,7
16,16,10,10
19,19,12,12
22,22,15,15
24,24,18,18
26,26,21,21
28,28,23,23
28,28,25,25
29,29,27,27
28,28,27,27
27,27,28,28
26,26,27,27
24,24,27,27
21,21,26,26
18,18,24,24
14,14,21,21
9,9,18,18
5,5,14,14
1,1,11,11
-3,-3,6,6
-7,-7,2,2
-11,-11,-1,-1
-16,-16,-6,-6
-20,-20,-10,-10
-25,-25,-14,-14
-29,-29,-18,-18
-34,-34,-22,-22
-37,-37,-27,-27
-38,-38,-32,-32
-38,-38,-35,-35
-38,-38,-37,-37
-37,-37,-38,-38
-35,-35,-38,-38
-32,-32,-36,-36
-28,-28,-35,-35
-22,-22,-32,-32
-16,-16,-28,-28
-11,-11,-23,-23
-4,-4,-18,-18
2,2,-12,-12
9,9,-6,-6
17,17,0,0
24,24,7,7
31,31,14,14
37,37,21,21
42,42,27,27
45,45,34,34
47,47,39,39
47,47,44,44
45,45,46,46
44,44,46,46
40,40,45,45
35,35,43,43
28,28,40,40
21,21,36,36
13,13,29,29
5,5,22,22
-1,-1,15,15
-9,-9,7,7
-15,-15,0,0
-20,-20,-7,-7
-25,-25,-13,-13
-27,-27,-19,-19
-28,-28,-23,-23
-29,-29,-26,-26
-29,-29,-28,-28
-27,-27,-28,-28
-24,-24,-29,-29
-19,-19,-27,-27
-12,-12,-25,-25
-6,-6,-20,-20
-1,-1,-14,-14
3,3,-8,-8
9,9,-2,-2
14,14,2,2
18,18,7,7
23,23,12,12
26,26,17,17
27,27,21,21
26,26,24,24
25,25,26,26
22,22,26,26
18,18,24,24
13,13,23,23
7,7,19,19
0,0,15,15
-6,-6,9,9
-14,-14,2,2
-22,-22,-4,-4
-28,-28,-11,-11
-31,-31,-19,-19
-32,-32,-26,-26
-32,-32,-30,-30
-30,-30,-31,-31
-26,-26,-32,-32
-20,-20,-30,-30
-13,-13,-27,-27
-5,-5,-22,-22
1,1,-15,-15
9,9,-8,-8
17,17,-1,-1
24,24,7,7
31,31,14,14
36,36,22,22
39,39,28,28
39,39,34,34
37,37,37,37
34,34,39,39
31,31,36,36
25,25,34,34
17,17,32,32
7,7,27,27
-2,-2,19,19
-12,-12,10,10
-22,-22,1,1
-31,-31,-8,-8
-37,-37,-18,-18
-41,-41,-27,-27
-45,-45,-34,-34
-47,-47,-39,-39
-48,-48,-43,-43
-45,-45,-45,-45
-39,-39,-47,-47
-31,-31,-45,-45
-22,-22,-40,-40
-13,-13,-33,-33
-2,-2,-25,-25
8,8,-16,-16
18,18,-6,-6
28,28,3,3
38,38,14,14
46,46,24,24
50,50,34,34
52,52,42,42
53,53,48,48
50,50,50,50
42,42,52,52
32,32,50,50
21,21,43,43
10,10,34,34
-1,-1,24,24
-11,-11,13,13
-20,-20,3,3
-29,-29,-8,-8
-36,-36,-17,-17
-42,-42,-26,-26
-45,-45,-34,-34
-45,-45,-40,-40
-44,-44,-43,-43
-40,-40,-44,-44
-35,-35,-44,-44
-28,-28,-41,-41
-21,-21,-35,-35
-12,-12,-30,-30
-2,-2,-23,-23
10,10,-14,-14
22,22,-5,-5
35,35,5,5
43,43,18,18
49,49,30,30
52,52,40,40
55,55,47,47
56,56,50,50
55,55,53,53
50,50,55,55
42,42,55,55
32,32,51,51
18,18,44,44
2,2,35,35
-13,-13,23,23
-30,-30,7,7
-47,-47,-7,-7
-65,-65,-24,-24
-80,-80,-41,-41
-92,-92,-58,-58
-101,-101,-74,-74
-109,-109,-86,-86
-115,-115,-95,-95
-115,-115,-104,-104
-111,-111,-111,-111
-102,-102,-113,-113
-90,-90,-110,-110
-76,-76,-103,-103
-61,-61,-92,-92
-44,-44,-79,-79
-26,-26,-65,-65
-6,-6,-49,-49
11,11,-31,-31
29,29,-12,-12
48,48,5,5
65,65,22,22
80,80,40,40
93,93,58,58
104,104,74,74
114,114,87,87
122,122,98,98
128,128,108,108
128,128,116,116
125,125,123,123
116,116,125,125
105,105,123,123
94,94,116,116
83,83,106,106
72,72,95,95
59,59,85,85
44,44,74,74
27,27,62,62
9,9,47,47
-10,-10,32,32
-31,-31,15,15
-53,-53,-3,-3
-74,-74,-23,-23
-94,-94,-45,-45
-110,-110,-66,-66
-125,-125,-85,-85
-139,-139,-103,-103
-151,-151,-117,-117
-161,-161,-131,-131
-166,-166,-143,-143
-168,-168,-154,-154
-166,-166,-161,-161
-161,-161,-164,-164
-153,-153,-163,-163
-143,-143,-158,-158
-132,-132,-151,-151
-119,-119,-142,-142
-103,-103,-132,-132
-84,-84,-119,-119
-66,-66,-105,-105
-47,-47,-88,-88
-28,-28,-70,-70
-7,-7,-52,-52
14,14,-32,-32
36,36,-13,-13
56,56,7,7
75,75,28,28
92,92,48,48
107,107,68,68
116,116,84,84
122,122,100,100
126,126,110,110
129,129,117,117
133,133,122,122
139,139,124,124
142,142,128,128
141,141,133,132
136,136,138,138
126,126,138,138
114,114,134,134
99,100,126,126
83,83,115,114
66,66,102,102
52,52,86,86
38,38,69,69
21,21,54,54
1,1,41,41
-19,-19,27,27
-40,-40,8,8
-57,-57,-11,-11
-74,-74,-32,-32
-88,-88,-50,-50
-100,-100,-67,-67
-108,-108,-82,-82
-112,-112,-94,-94
-114,-114,-103,-103
-114,-114,-108,-108
-112,-112,-110,-110
-110,-110,-111,-111
-105,-105,-110,-110
-102,-102,-108,-108
-101,-101,-103,-103
-99,-99,-99,-99
-96,-96,-98,-98
-91,-91,-98,-98
-84,-84,-95,-95
-78,-78,-90,-90
-70,-70,-84,-84
-60,-60,-78,-78
-51,-51,-70,-70
-42,-42,-62,-62
-33,-33,-53,-53
-23,-23,-43,-43
-13,-13,-35,-35
0,0,-26,-26
16,16,-16,-16
29,29,-4,-4
42,42,10,10
45,45,24,24
41,41,37,37
79,79,45,45
173,173,39,39
311,311,59,59
493,493,133,133
705,705,253,253
934,934,418,418
1175,1175,616,616
1416,1416,834,834
1647,1647,1066,1066
1858,1858,1302,1302
2032,2032,1532,1532
2157,2157,1745,1745
2220,2220,1928,1928
2217,2217,2066,2066
2142,2142,2148,2148
1987,1987,2167,2167
1753,1753,2118,2118
1440,1440,1993,1993
1052,1052,1790,1790
595,595,1511,1510
77,77,1156,1155
-489,-489,733,732
-1094,-1094,246,246
-1716,-1716,-291,-292
-2337,-2337,-869,-870
-2941,-2941,-1473,-1473
-3505,-3505,-2080,-2080
-4012,-4012,-2676,-2676
-4446,-4446,-3240,-3240
-4789,-4789,-3753,-3754
-5030,-5030,-4201,-4201
-5153,-5153,-4565,-4565
-5145,-5145,-4833,-4833
-5004,-5005,-4992,-4992
-4727,-4728,-5026,-5026
-4317,-4317,-4932,-4932
-3774,-3774,-4705,-4704
-3110,-3110,-4347,-4346
-2329,-2330,-3859,-3858
-1445,-1446,-3250,-3250
-485,-486,-2526,-2525
516,516,-1696,-1695
1543,1543,-780,-779
2581,2581,183,184
3601,3601,1177,1178
4574,4574,2186,2187
5469,5469,3188,3189
6262,6262,4154,4154
6923,6923,5052,5052
7430,7430,5859,5859
7771,7771,6548,6548
7930,7930,7091,7091
7892,7892,7477,7476
7654,7654,7690,7690
7217,7217,7716,7715
6588,6588,7547,7546
5776,5777,7183,7182
4800,4800,6630,6629
3675,3675,5897,5895
2426,2426,4995,4994
1081,1082,3944,3943
-327,-327,2764,2763
-1768,-1767,1482,1480
-3204,-3204,127,125
-4596,-4596,-1269,-1270
-5910,-5910,-2672,-2673
-7112,-7111,-4046,-4047
-8167,-8167,-5352,-5353
-9047,-9048,-6561,-6561
-9722,-9722,-7637,-7638
-10171,-10172,-8553,-8553
-10380,-10381,-9275,-9274
-10338,-10338,-9785,-9784
-10036,-10036,-10064,-10064
-9484,-9485,-10103,-10102
-8691,-8691,-9889,-9887
-7667,-7667,-9429,-9427
-6430,-6430,-8731,-8729
-5009,-5009,-7805,-7803
-3437,-3438,-6664,-6662
-1748,-1749,-5335,-5333
16,16,-3848,-3846
1815,1815,-2238,-2235
3607,3607,-538,-536
5348,5348,1206,1208
6990,6990,2956,2958
8492,8492,4671,4672
9813,9813,6305,6306
10917,10917,7815,7815
11765,11765,9160,9160
12336,12337,10305,10305
12616,12617,11214,11213
12590,12591,11857,11856
12248,12249,12222,12221
11598,11599,12292,12291
10653,10653,12059,12057
9430,9430,11520,11517
7954,7955,10690,10687
6256,6257,9583,9580
4373,4374,8224,8221
2351,2352,6637,6634
240,241,4857,4854
-1907,-1906,2929,2926
-4043,-4042,897,894
-6113,-6113,-1186,-1188
-8063,-8063,-3273,-3275
-9842,-9842,-5313,-5315
-11405,-11405,-7254,-7255
-12711,-12712,-9042,-9042
-13727,-13727,-10634,-10634
-14414,-14414,-11989,-11989
-14755,-14755,-13071,-13070
-14735,-14736,-13843,-13841
-14353,-14354,-14284,-14282
-13608,-13609,-14378,-14375
-12523,-12524,-14119,-14116
-11118,-11119,-13505,-13502
-9423,-9424,-12554,-12550
-7472,-7473,-11283,-11280
-5317,-5318,-9721,-9718
-3005,-3006,-7899,-7895
-592,-592,-5860,-5856
1862,1862,-3655,-3651
4299,4298,-1334,-1330
6657,6657,1047,1050
8881,8881,3429,3431
10907,10908,5753,5755
12688,12688,7964,7965
14177,14178,10003,10003
15339,15340,11815,11815
16133,16134,13357,13357
16541,16542,14593,14592
16549,16550,15483,15481
16158,16159,16001,15998
15365,15366,16133,16130
14188,14189,15877,15873
12653,12654,15230,15226
10798,10799,14201,14197
8665,8666,12816,12811
6303,6304,11107,11102
3770,3771,9115,9110
1127,1127,6882,6878
-1566,-1565,4466,4462
-4237,-4237,1924,1920
-6824,-6824,-687,-691
-9267,-9267,-3298,-3301
-11504,-11504,-5847,-5849
-13475,-13476,-8273,-8275
-15137,-15138,-10520,-10520
-16445,-16446,-12523,-12523
-17364,-17365,-14239,-14238
-17860,-17861,-15624,-15622
-17930,-17931,-16643,-16641
-17571,-17572,-17256,-17253
-16788,-16790,-17456,-17452
-15588,-15589,-17239,-17235
-14006,-14007,-16608,-16604
-12077,-12079,-15567,-15562
-9848,-9849,-14144,-14138
-7364,-7365,-12371,-12365
-4689,-4691,-10291,-10285
-1889,-1890,-7948,-7943
971,970,-5400,-5395
3819,3819,-2710,-2705
6587,6587,60,64
9208,9208,2840,2844
11617,11617,5563,5566
13747,13748,8164,8166
15554,15555,10577,10578
16992,16993,12741,12741
18027,18028,14602,14601
18625,18626,16118,16116
18772,18773,17251,17249
18468,18469,17970,17966
17719,17721,18250,18246
16537,16539,18093,18089
14952,14953,17501,17496
13002,13004,16484,16478
10734,10736,15062,15056
8202,8203,13274,13268
5465,5466,11162,11155
2591,2592,8775,8769
-353,-352,6169,6163
-3295,-3294,3410,3405
-6160,-6159,562,557
-8883,-8883,-2306,-2311
-11399,-11399,-5121,-5125
-13646,-13647,-7819,-7822
-15562,-15563,-10335,-10337
-17108,-17109,-12610,-12610
-18247,-18248,-14576,-14576
-18947,-18948,-16198,-16197
-19181,-19182,-17432,-17430
-18956,-18957,-18251,-18248
-18274,-18276,-18620,-18616
-17151,-17153,-18542,-18537
-15608,-15610,-18018,-18012
-13689,-13691,-17061,-17054
-11438,-11439,-15684,-15678
-8908,-8910,-13930,-13922
-6156,-6157,-11838,-11831
-3254,-3255,-9457,-9450
-268,-269,-6843,-6836
2728,2728,-4061,-4055
5659,5658,-1177,-1171
8456,8456,1739,1744
11050,11051,4617,4621
13382,13382,7383,7386
15387,15388,9973,9975
17022,17023,12326,12327
18247,18248,14380,14380
19037,19038,16086,16085
19361,19362,17405,17403
19215,19217,18308,18305
18605,18606,18767,18763
17544,17545,18769,18763
16052,16054,18316,18310
14169,14171,17420,17413
11943,11945,16099,16092
9428,9429,14383,14376
6682,6683,12319,12311
3774,3775,9956,9949
770,772,7351,7344
-2254,-2253,4567,4560
-5228,-5227,1669,1663
-8077,-8077,-1270,-1276
-10737,-10737,-4185,-4190
-13140,-13140,-6998,-7002
-15226,-15226,-9648,-9651
-16938,-16939,-12068,-12069
-18241,-18242,-14199,-14200
-19105,-19106,-15980,-15979
-19506,-19507,-17374,-17372
-19426,-19427,-18351,-18347
-18875,-18877,-18884,-18879
-17868,-17869,-18951,-18946
-16427,-16429,-18559,-18553
-14580,-14582,-17717,-17710
-12381,-12383,-16445,-16438
-9881,-9883,-14770,-14762
-7138,-7139,-12735,-12727
-4220,-4221,-10391,-10383
-1196,-1198,-7792,-7784
1856,1855,-5001,-4994
4868,4868,-2088,-2082
7759,7758,877,883
10463,10463,3824,3829
12917,12917,6677,6681
15060,15061,9369,9372
16830,16831,11835,11837
18192,18193,14018,14019
19112,19113,15858,15857
19569,19571,17308,17306
19544,19546,18339,18336
19039,19041,18926,18922
18070,18072,19051,19045
16660,16662,18704,18698
14842,14844,17901,17894
12662,12664,16661,16654
10173,10175,15015,15007
7437,7439,13000,12992
4523,4525,10670,10661
1498,1500,8080,8072
-1561,-1559,5294,5286
-4584,-4583,2381,2374
-7494,-7494,-588,-595
-10217,-10217,-3545,-3551
-12693,-12693,-6416,-6421
-14862,-14862,-9125,-9128
-16669,-16670,-11612,-11614
-18061,-18062,-13819,-13820
-19014,-19015,-15692,-15691
-19506,-19508,-17172,-17171
-19525,-19527,-18234,-18231
-19061,-19063,-18853,-18849
-18134,-18136,-19017,-19011
-16767,-16770,-18711,-18704
-14994,-14996,-17950,-17942
-12849,-12852,-16751,-16743
-10393,-10396,-15147,-15138
-7684,-7686,-13171,-13161
-4788,-4790,-10873,-10863
-1777,-1779,-8311,-8301
1276,1275,-5546,-5537
4297,4296,-2646,-2638
7211,7210,315,323
9941,9941,3268,3274
12427,12427,6139,6144
14610,14611,8856,8860
16438,16439,11351,11354
17858,17860,13570,13571
18841,18842,15459,15459
19365,19367,16969,16967
19418,19420,18057,18054
18992,18995,18707,18701
18102,18105,18901,18894
16774,16777,18634,18626
15039,15042,17906,17897
12937,12940,16745,16736
10519,10522,15178,15168
7850,7852,13243,13232
4991,4994,10982,10971
2014,2017,8458,8447
-1008,-1006,5730,5720
-4005,-4003,2866,2857
-6901,-6900,-64,-73
-9625,-9625,-2992,-2999
-12108,-12108,-5844,-5849
-14295,-14296,-8552,-8556
-16135,-16136,-11043,-11045
-17582,-17584,-13262,-13263
-18593,-18595,-15160,-15159
-19153,-19155,-16690,-16688
-19247,-19249,-17806,-17801
-18873,-18876,-18488,-18482
-18034,-18037,-18721,-18714
-16760,-16763,-18500,-18492
-15081,-15084,-17823,-17813
-13039,-13042,-16714,-16703
-10675,-10678,-15201,-15190
-8054,-8056,-13322,-13311
-5237,-5239,-11117,-11106
-2293,-2295,-8641,-8630
704,702,-5956,-5946
3683,3682,-3128,-3118
6572,6571,-223,-215
9301,9300,2684,2691
11797,11797,5525,5531
14006,14006,8232,8236
15874,15875,10736,10738
17358,17359,12974,12975
18414,18416,14897,14896
19020,19022,16459,16457
19163,19165,17620,17616
18842,18845,18345,18340
18058,18061,18625,18618
16832,16835,18454,18445
15197,15200,17832,17822
13195,13198,16771,16761
10870,10873,15302,15291
8282,8285,13463,13452
5494,5496,11297,11286
2574,2576,8855,8844
-408,-406,6199,6189
-3376,-3375,3394,3385
-6261,-6260,507,498
-8994,-8993,-2388,-2395
-11506,-11506,-5223,-5229
-13731,-13731,-7932,-7937
-15623,-15624,-10448,-10451
-17137,-17139,-12701,-12702
-18233,-18235,-14646,-14645
-18878,-18880,-16236,-16233
-19063,-19066,-17433,-17428
-18786,-18789,-18196,-18190
-18054,-18057,-18516,-18509
-16876,-16879,-18386,-18377
-15286,-15289,-17812,-17802
-13326,-13329,-16799,-16788
-11043,-11046,-15375,-15364
-8487,-8490,-13578,-13567
-5726,-5729,-11452,-11440
-2828,-2830,-9044,-9033
140,138,-6417,-6406
3102,3101,-3635,-3625
5989,5987,-764,-755
8729,8728,2123,2131
11258,11258,4958,4964
13506,13506,7672,7677
15425,15426,10200,10203
16969,16970,12476,12478
18101,18103,14445,14444
18785,18787,16063,16060
19009,19012,17291,17286
18770,18773,18096,18089
18074,18077,18452,18444
16932,16935,18359,18350
15377,15380,17819,17809
13447,13451,16844,16833
11191,11194,15453,15441
8661,8664,13686,13674
5919,5922,11587,11575
3036,3038,9206,9194
79,81,6598,6586
-2876,-2874,3832,3821
-5758,-5757,974,964
-8496,-8496,-1906,-1915
-11026,-11026,-4736,-4742
-13284,-13284,-7447,-7452
-15208,-15209,-9975,-9978
-16762,-16763,-12259,-12260
-17906,-17908,-14233,-14232
-18611,-18614,-15859,-15856
-18854,-18857,-17097,-17092
-18639,-18642,-17919,-17912
-17969,-17973,-18295,-18286
-16864,-16867,-18223,-18213
-15341,-15344,-17708,-17696
-13446,-13450,-16763,-16751
-11227,-11231,-15405,-15392
-8738,-8741,-13673,-13659
-6037,-6040,-11609,-11595
-3194,-3197,-9266,-9252
-277,-279,-6699,-6686
2645,2643,-3972,-3960
5496,5494,-1153,-1142
8207,8207,1692,1701
10717,10717,4491,4498
12963,12963,7175,7179
14885,14886,9680,9682
16439,16441,11947,11947
17593,17596,13919,13916
18318,18321,15543,15538
18591,18594,16788,16781
18408,18412,17624,17614
17779,17783,18028,18016
16719,16723,17986,17972
15250,15254,17507,17493
13410,13414,16604,16589
11247,11251,15299,15282
8815,8819,13617,13601
6171,6175,11608,11592
3384,3387,9321,9305
516,519,6810,6796
-2359,-2357,4138,4125
-5172,-5171,1369,1358
-7854,-7853,-1429,-1438
-10340,-10340,-4189,-4196
-12573,-12573,-6839,-6843
-14496,-14497,-9319,-9320
-16057,-16059,-11571,-11569
-17227,-17230,-13539,-13534
-17980,-17984,-15167,-15159
-18296,-18300,-16424,-16414
-18160,-18163,-17283,-17271
-17583,-17587,-17724,-17709
-16582,-16587,-17726,-17709
-15182,-15186,-17297,-17279
-13408,-13413,-16450,-16431
-11312,-11317,-15207,-15188
-8946,-8950,-13592,-13573
-6365,-6369,-11648,-11630
-3632,-3636,-9426,-9409
-816,-819,-6977,-6961
2018,2016,-4361,-4348
4802,4800,-1644,-1634
7461,7460,1110,1118
9938,9938,3835,3840
12171,12172,6463,6465
14109,14111,8929,8928
15697,15699,11177,11172
16900,16903,13153,13145
17693,17697,14806,14795
18058,18062,16092,16079
17978,17983,16988,16972
17460,17465,17472,17454
16518,16523,17530,17511
15179,15184,17156,17136
13470,13475,16367,16346
11435,11440,15182,15161
9125,9129,13632,13611
6596,6600,11747,11727
3910,3913,9581,9563
1130,1133,7185,7169
-1673,-1671,4616,4603
-4435,-4433,1939,1928
-7087,-7086,-784,-791
-9560,-9560,-3485,-3489
-11800,-11801,-6101,-6101
-13753,-13755,-8561,-8558
-15371,-15374,-10811,-10805
-16609,-16612,-12799,-12789
-17444,-17448,-14478,-14465
-17860,-17864,-15796,-15780
-17842,-17847,-16730,-16712
-17384,-17390,-17261,-17241
-16507,-16512,-17375,-17353
-15231,-15236,-17062,-17039
-13589,-13594,-16334,-16311
-11611,-11616,-15212,-15189
-9356,-9361,-13723,-13702
-6875,-6880,-11899,-11879
-4230,-4234,-9788,-9770
-1484,-1487,-7441,-7426
1295,1293,-4916,-4903
4044,4042,-2273,-2263
6694,6693,422,429
9174,9174,3107,3110
11432,11433,5716,5715
13411,13413,8182,8178
15067,15070,10447,10438
16350,16354,12457,12445
17235,17239,14166,14152
17702,17707,15529,15512
17742,17747,16509,16490
17345,17351,17089,17068
16525,16531,17257,17234
15305,15311,17004,16981
13715,13721,16332,16308
11790,11796,15265,15242
9579,9584,13829,13806
7136,7141,12057,12037
4520,4524,9991,9972
1797,1800,7683,7667
-968,-965,5189,5176
-3710,-3708,2571,2562
-6363,-6362,-107,-113
-8860,-8860,-2783,-2785
-11136,-11137,-5392,-5390
-13141,-13143,-7871,-7865
-14828,-14831,-10151,-10142
-16155,-16159,-12184,-12172
-17080,-17084,-13923,-13907
-17590,-17595,-15324,-15306
-17675,-17680,-16344,-16323
-17330,-17336,-16966,-16943
-16557,-16563,-17176,-17152
-15382,-15388,-16971,-16947
-13834,-13840,-16348,-16323
-11950,-11956,-15325,-15301
-9771,-9777,-13931,-13908
-7355,-7360,-12200,-12178
-4761,-4765,-10168,-10149
-2050,-2053,-7888,-7872
709,706,-5417,-5404
3451,3450,-2814,-2804
6109,6109,-143,-136
8620,8620,2531,2533
10916,10917,5142,5141
12944,12946,7631,7625
14660,14663,9930,9921
16020,16024,11985,11972
16983,16988,13748,13732
17530,17535,15179,15161
17652,17658,16238,16217
17344,17350,16895,16872
16611,16618,17141,17117
15471,15477,16972,16947
13954,13960,16389,16364
12099,12105,15401,15376
9947,9953,14038,14014
7554,7559,12335,12313
4977,4981,10331,10311
2281,2284,8075,8057
-471,-469,5622,5608
-3209,-3207,3034,3024
-5869,-5868,372,365
-8385,-8386,-2295,-2298
-10698,-10699,-4907,-4906
-12743,-12746,-7399,-7394
-14479,-14482,-9713,-9704
-15865,-15869,-11783,-11770
-16865,-16870,-13565,-13549
-17447,-17452,-15020,-15001
-17605,-17611,-16111,-16089
-17338,-17345,-16802,-16779
-16651,-16657,-17084,-17059
-15553,-15559,-16953,-16928
-14078,-14085,-16411,-16386
-12265,-12271,-15467,-15441
-10155,-10161,-14146,-14121
-7797,-7802,-12484,-12461
-5251,-5256,-10520,-10499
-2581,-2585,-8300,-8282
152,149,-5880,-5865
2878,2876,-3320,-3309
5533,5532,-678,-671
8053,8054,1976,1979
10378,10380,4581,4580
12445,12448,7075,7069
14208,14212,9396,9386
15628,15633,11487,11473
16671,16677,13293,13276
17304,17310,14778,14758
17516,17522,15907,15884
17304,17310,16648,16624
16675,16682,16980,16954
15640,15646,16902,16875
14223,14229,16416,16389
12465,12471,15532,15506
10406,10412,14268,14243
8096,8100,12661,12638
5588,5592,10748,10728
2947,2950,8576,8559
234,236,6196,6182
-2481,-2481,3666,3656
-5136,-5136,1049,1042
-7665,-7667,-1595,-1597
-10012,-10014,-4195,-4193
-12115,-12119,-6694,-6687
-13920,-13924,-9032,-9021
-15390,-15395,-11154,-11140
-16490,-16496,-12999,-12981
-17192,-17198,-14530,-14509
-17471,-17478,-15713,-15689
-17330,-17336,-16517,-16492
-16772,-16778,-16915,-16889
-15809,-15815,-16905,-16878
-14457,-14462,-16488,-16461
-12756,-12760,-15674,-15648
-10746,-10750,-14476,-14451
-8475,-8479,-12926,-12904
-5997,-6000,-11064,-11044
-3375,-3377,-8933,-8917
-669,-669,-6585,-6573
2055,2056,-4077,-4068
4729,4731,-1470,-1465
7289,7292,1175,1176
9676,9679,3793,3790
11831,11835,6318,6311
13696,13701,8693,8681
15230,15235,10859,10844
16397,16402,12763,12745
17170,17176,14355,14334
17523,17528,15601,15578
17450,17455,16472,16448
16955,16959,16945,16920
16051,16055,17001,16975
14755,14759,16646,16621
13099,13102,15891,15866
11126,11128,14750,14727
8883,8885,13247,13226
6423,6423,11423,11405
3806,3806,9322,9307
1096,1094,6994,6983
-1643,-1645,4495,4488
-4344,-4346,1886,1883
-6937,-6941,-769,-769
-9365,-9369,-3411,-3406
-11568,-11573,-5965,-5956
-13492,-13497,-8377,-8365
-15084,-15088,-10589,-10573
-16312,-16317,-12547,-12529
-17148,-17152,-14194,-14173
-17570,-17575,-15499,-15476
-17559,-17563,-16431,-16407
-17123,-17127,-16968,-16943
-16275,-16277,-17087,-17062
-15033,-15035,-16792,-16768
-13420,-13421,-16092,-16068
-11483,-11484,-15003,-14981
-9268,-9268,-13545,-13526
-6828,-6826,-11759,-11743
-4222,-4220,-9688,-9675
-1512,-1509,-7382,-7372
1234,1238,-4896,-4891
3952,3957,-2291,-2290
6571,6577,369,367
9032,9037,3023,3017
11274,11279,5602,5592
13245,13251,8043,8030
14891,14897,10290,10274
16174,16180,12290,12271
17069,17074,13992,13970
17551,17555,15348,15325
17603,17607,16336,16312
17227,17230,16930,16905
16435,16436,17113,17088
15246,15247,16875,16851
13686,13685,16229,16207
11792,11790,15192,15172
9614,9611,13788,13770
7203,7200,12045,12030
4620,4615,10012,10000
1924,1918,7738,7730
-818,-824,5276,5272
-3542,-3548,2687,2687
-6178,-6185,33,37
-8661,-8668,-2622,-2614
-10934,-10942,-5214,-5203
-12945,-12952,-7675,-7661
-14641,-14648,-9950,-9932
-15975,-15982,-11986,-11966
-16925,-16931,-13732,-13709
-17465,-17471,-15139,-15115
-17585,-17589,-16179,-16154
-17269,-17272,-16828,-16803
-16536,-16538,-17072,-17047
-15405,-15406,-16895,-16871
-13902,-13901,-16310,-16287
-12057,-12055,-15329,-15309
-9921,-9918,-13979,-13962
-7546,-7541,-12288,-12273
-4989,-4983,-10297,-10286
-2311,-2304,-8059,-8052
420,428,-5626,-5623
3142,3150,-3058,-3059
5788,5797,-416,-421
8289,8298,2234,2225
10588,10597,4830,4818
12631,12640,7309,7293
14369,14378,9606,9587
15753,15762,11670,11649
16753,16761,13453,13430
17348,17355,14908,14883
17524,17530,15996,15970
17272,17276,16697,16671
16598,16601,16995,16970
15523,15524,16880,16856
14073,14073,16351,16328
12281,12279,15426,15406
10190,10186,14129,14111
7853,7848,12490,12476
5326,5320,10545,10535
2671,2663,8346,8339
-45,-54,5945,5943
-2761,-2771,3401,3403
-5410,-5421,776,782
-7927,-7937,-1866,-1856
-10246,-10257,-4463,-4449
-12317,-12328,-6952,-6935
-14091,-14102,-9267,-9247
-15523,-15533,-11356,-11333
-16571,-16580,-13171,-13146
-17217,-17225,-14669,-14643
-17448,-17454,-15803,-15776
-17257,-17262,-16553,-16526
-16639,-16642,-16903,-16877
-15619,-15621,-16845,-16820
-14221,-14222,-16372,-16349
-12482,-12480,-15502,-15482
-10434,-10430,-14256,-14239
-8135,-8129,-12668,-12654
-5639,-5632,-10769,-10758
-3007,-2998,-8607,-8601
-302,-293,-6239,-6237
2407,2418,-3721,-3723
5060,5071,-1111,-1118
7592,7604,1523,1512
9935,9947,4121,4106
12035,12048,6620,6602
13845,13857,8957,8936
15321,15332,11073,11049
16420,16430,12921,12896
17117,17127,14458,14431
17402,17410,15642,15614
17265,17272,16440,16413
16706,16711,16842,16815
15739,15742,16836,16811
14391,14392,16421,16398
12694,12693,15603,15582
10688,10685,14406,14389
8421,8416,12861,12847
5950,5943,11004,10994
3335,3326,8876,8870
638,628,6534,6532
-2071,-2082,4035,4037
-4731,-4743,1435,1441
-7278,-7291,-1196,-1185
-9647,-9661,-3798,-3783
-11776,-11790,-6309,-6291
-13620,-13634,-8669,-8648
-15136,-15149,-10812,-10788
-16284,-16296,-12692,-12666
-17028,-17039,-14265,-14238
-17360,-17370,-15494,-15466
-17273,-17281,-16340,-16312
-16768,-16774,-16787,-16760
-15846,-15850,-16829,-16803
-14543,-14545,-16464,-16440
-12887,-12887,-15693,-15672
-10920,-10917,-14541,-14523
-8684,-8679,-13036,-13022
-6238,-6231,-11216,-11206
-3643,-3634,-9123,-9117
-957,-947,-6807,-6805
1749,1761,-4328,-4330
4412,4425,-1743,-1750
6969,6983,883,872
9359,9373,3487,3472
11516,11530,6006,5988
13392,13407,8382,8360
14944,14959,10551,10527
16136,16150,12460,12434
16932,16944,14067,14040
17314,17324,15336,15307
17276,17285,16231,16203
16822,16829,16726,16698
15956,15961,16816,16790
14700,14703,16501,16476
13088,13089,15784,15762
11159,11158,14679,14660
8957,8954,13219,13203
6538,6532,11438,11426
3961,3953,9380,9373
1286,1276,7091,7089
-1419,-1430,4633,4635
-4089,-4101,2060,2067
-6660,-6674,-562,-552
-9071,-9086,-3169,-3155
-11262,-11277,-5701,-5682
-13172,-13188,-8094,-8072
-14765,-14781,-10293,-10268
-16002,-16017,-12235,-12209
-16852,-16866,-13881,-13852
-17283,-17296,-15192,-15163
-17296,-17308,-16136,-16107
-16892,-16901,-16682,-16653
-16078,-16086,-16821,-16794
-14867,-14873,-16554,-16529
-13296,-13299,-15886,-15864
-11403,-11404,-14829,-14809
-9233,-9231,-13409,-13393
-6836,-6832,-11666,-11654
-4275,-4268,-9638,-9631
-1608,-1599,-7376,-7373
1100,1110,-4934,-4936
3779,3791,-2371,-2377
6366,6380,249,239
8799,8815,2864,2850
11022,11038,5409,5390
12973,12990,7822,7800
14608,14625,10049,10024
15889,15905,12030,12003
16786,16802,13715,13686
17271,17286,15068,15039
17334,17348,16057,16028
16977,16989,16656,16627
16208,16218,16844,16816
15042,15050,16623,16597
13507,13513,16001,15977
11644,11647,14988,14967
9498,9498,13605,13589
7120,7117,11893,11880
4567,4562,9891,9883
1903,1895,7647,7643
-809,-819,5217,5218
-3502,-3515,2659,2665
-6109,-6123,35,45
-8567,-8584,-2592,-2578
-10821,-10838,-5153,-5134
-12811,-12830,-7590,-7568
-14484,-14503,-9844,-9819
-15805,-15825,-11862,-11835
-16744,-16763,-13584,-13555
-17277,-17295,-14976,-14947
-17381,-17398,-16006,-15976
-17063,-17079,-16649,-16619
-16331,-16344,-16879,-16850
-15203,-15213,-16698,-16672
-13698,-13706,-16111,-16087
-11860,-11865,-15134,-15113
-9733,-9735,-13784,-13767
-7368,-7367,-12096,-12083
-4824,-4819,-10114,-10105
-2160,-2152,-7885,-7881
556,567,-5465,-5465
3262,3276,-2909,-2914
5886,5902,-282,-292
8365,8384,2354,2340
10643,10663,4932,4914
12664,12685,7388,7366
14372,14394,9665,9641
15728,15750,11709,11682
16704,16725,13468,13439
17274,17295,14893,14863
17420,17439,15957,15927
17139,17156,16635,16605
16442,16457,16907,16879
15344,15356,16762,16735
13871,13880,16209,16185
12057,12063,15263,15242
9950,9953,13945,13927
7600,7599,12281,12268
5066,5061,10320,10311
2407,2399,8108,8103
-310,-321,5697,5697
-3022,-3036,3148,3153
-5661,-5677,521,531
-8158,-8176,-2118,-2104
-10457,-10477,-4709,-4691
-12503,-12525,-7181,-7159
-14246,-14268,-9478,-9454
-15634,-15657,-11546,-11519
-16644,-16666,-13335,-13306
-17249,-17271,-14792,-14762
-17436,-17456,-15890,-15859
-17190,-17207,-16601,-16571
-16526,-16542,-16910,-16881
-15462,-15474,-16801,-16774
-14021,-14030,-16282,-16257
-12234,-12239,-15367,-15346
-10149,-10152,-14079,-14061
-7818,-7816,-12445,-12431
-5296,-5292,-10507,-10497
-2645,-2637,-8313,-8308
69,80,-5917,-5917
2782,2797,-3377,-3381
5430,5447,-755,-763
7942,7961,1886,1873
10259,10280,4482,4464
12327,12349,6968,6947
14096,14119,9281,9257
15518,15541,11368,11341
16560,16582,13180,13151
17199,17220,14671,14641
17422,17441,15798,15767
17217,17234,16542,16511
16589,16604,16885,16855
15558,15571,16817,16788
14151,14160,16332,16306
12396,12402,15451,15428
10339,10341,14196,14177
8029,8028,12595,12580
5526,5521,10683,10673
2886,2878,8512,8506
178,166,6135,6134
-2534,-2548,3608,3611
-5186,-5203,993,1002
-7714,-7733,-1644,-1631
-10047,-10068,-4244,-4227
-12138,-12160,-6742,-6720
-13934,-13957,-9070,-9046
-15394,-15417,-11178,-11151
-16470,-16493,-13015,-12986
-17148,-17170,-14538,-14508
-17410,-17430,-15700,-15669
-17251,-17269,-16481,-16450
-16662,-16679,-16862,-16832
-15671,-15685,-16834,-16806
-14300,-14311,-16392,-16366
-12581,-12589,-15549,-15527
-10552,-10556,-14330,-14311
-8267,-8268,-12763,-12748
-5781,-5779,-10883,-10873
-3155,-3149,-8737,-8732
-451,-441,-6379,-6378
2263,2275,-3865,-3870
4923,4938,-1258,-1267
7466,7484,1380,1365
9823,9843,3984,3966
11941,11963,6494,6472
13770,13793,8846,8821
15266,15290,10978,10950
16386,16411,12845,12816
17106,17130,14401,14371
17412,17435,15607,15577
17295,17317,16428,16398
16755,16775,16851,16822
15805,15823,16866,16839
14470,14486,16470,16446
12785,12797,15668,15648
10787,10796,14486,14469
8525,8531,12952,12940
6055,6057,11103,11096
3439,3437,8982,8979
736,731,6641,6643
-1982,-1991,4140,4147
-4653,-4666,1535,1547
-7214,-7229,-1104,-1088
-9599,-9618,-3718,-3698
-11746,-11767,-6243,-6219
-13610,-13633,-8620,-8593
-15144,-15169,-10780,-10752
-16312,-16337,-12679,-12649
-17075,-17101,-14272,-14242
-17424,-17449,-15520,-15490
-17351,-17376,-16385,-16356
-16858,-16882,-16850,-16822
-15947,-15969,-16907,-16882
-14649,-14669,-16556,-16533
-12996,-13013,-15795,-15777
-11027,-11041,-14650,-14636
-8786,-8796,-13149,-13140
-6331,-6338,-11329,-11324
-3723,-3726,-9230,-9230
-1022,-1021,-6906,-6911
1702,1707,-4416,-4425
4386,4395,-1814,-1829
6965,6977,829,811
9375,9391,3453,3431
11555,11573,5995,5970
13451,13473,8392,8364
15023,15047,10584,10554
16231,16256,12515,12484
17041,17066,14143,14112
17433,17459,15429,15398
17402,17428,16340,16310
16950,16975,16847,16819
16082,16104,16944,16919
14820,14841,16632,16610
13198,13216,15916,15897
11255,11270,14805,14791
9037,9048,13336,13326
6597,6605,11543,11538
3998,4002,9468,9468
1300,1300,7161,7166
-1431,-1434,4680,4690
-4124,-4131,2084,2098
-6719,-6729,-563,-544
-9152,-9166,-3195,-3173
-11363,-11379,-5750,-5724
-13291,-13310,-8167,-8138
-14898,-14919,-10387,-10356
-16144,-16166,-12349,-12316
-16999,-17022,-14010,-13977
-17431,-17455,-15332,-15299
-17441,-17465,-16284,-16252
-17028,-17051,-16832,-16802
-16204,-16225,-16970,-16943
-14976,-14996,-16697,-16672
-13386,-13403,-16019,-15998
-11470,-11485,-14947,-14931
-9276,-9287,-13510,-13498
-6853,-6861,-11745,-11738
-4265,-4270,-9693,-9692
-1571,-1573,-7406,-7409
1161,1162,-4937,-4946
3863,3868,-2347,-2361
6472,6480,299,280
8923,8934,2939,2916
11160,11173,5506,5479
13121,13137,7939,7909
14761,14779,10181,10148
16043,16062,12175,12140
16937,16957,13866,13831
17414,17435,15223,15187
17465,17486,16210,16176
17092,17112,16804,16771
16304,16323,16981,16951
15118,15135,16747,16719
13561,13576,16106,16082
11674,11687,15075,15055
9503,9514,13670,13655
7101,7109,11934,11924
4526,4531,9908,9904
1840,1842,7640,7642
-892,-892,5187,5194
-3602,-3605,2607,2619
-6221,-6228,-37,-19
-8691,-8700,-2682,-2659
-10950,-10961,-5258,-5231
-12943,-12956,-7706,-7676
-14614,-14629,-9968,-9934
-15932,-15948,-11991,-11955
-16863,-16880,-13714,-13677
-17386,-17404,-15103,-15065
-17478,-17495,-16127,-16090
-17145,-17161,-16761,-16724
-16396,-16412,-16980,-16946
-15250,-15265,-16785,-16754
-13727,-13740,-16183,-16156
-11871,-11882,-15190,-15166
-9727,-9736,-13822,-13803
-7345,-7352,-12116,-12103
-4786,-4790,-10117,-10110
-2108,-2110,-7872,-7871
620,621,-5435,-5440
3335,3338,-2866,-2877
5966,5971,-226,-242
8450,8458,2419,2397
10731,10740,5006,4979
12752,12763,7468,7437
14458,14471,9749,9714
15811,15824,11794,11757
16780,16794,13552,13513
17344,17358,14975,14935
17482,17495,16035,15994
17190,17203,16707,16667
16482,16495,16972,16934
15375,15386,16817,16782
13891,13900,16255,16223
12066,12074,15298,15271
9949,9955,13969,13947
7590,7594,12297,12280
5046,5049,10325,10315
2380,2380,8103,8099
-344,-345,5684,5686
-3062,-3065,3126,3135
-5706,-5711,493,508
-8206,-8212,-2153,-2132
-10508,-10516,-4749,-4723
-12556,-12565,-7225,-7194
-14300,-14309,-9526,-9490
-15688,-15698,-11596,-11556
-16696,-16706,-13386,-13345
-17301,-17311,-14845,-14801
-17486,-17495,-15941,-15897
-17236,-17245,-16651,-16608
-16569,-16578,-16959,-16917
-15500,-15508,-16849,-16809
-14056,-14062,-16327,-16291
-12264,-12269,-15409,-15378
-10175,-10178,-14117,-14091
-7839,-7841,-12480,-12459
-5311,-5312,-10537,-10523
-2655,-2654,-8339,-8331
66,68,-5937,-5936
2787,2790,-3391,-3398
5441,5445,-762,-776
7960,7965,1884,1864
10284,10290,4487,4461
12359,12366,6980,6949
14136,14143,9301,9264
15565,15572,11395,11355
16612,16619,13215,13172
17257,17264,14713,14667
17485,17491,15847,15800
17283,17288,16597,16551
16658,16662,16945,16900
15628,15632,16882,16839
14220,14223,16400,16360
12464,12465,15521,15485
10402,10403,14266,14235
8088,8087,12663,12639
5578,5576,10750,10732
2930,2927,8574,8564
212,209,6191,6187
-2510,-2514,3656,3660
-5174,-5179,1033,1044
-7712,-7717,-1615,-1596
-10058,-10063,-4225,-4200
-12161,-12166,-6734,-6703
-13969,-13974,-9074,-9038
-15439,-15444,-11194,-11153
-16526,-16530,-13043,-12998
-17212,-17215,-14578,-14530
-17481,-17484,-15751,-15702
-17327,-17329,-16540,-16491
-16742,-16743,-16929,-16880
-15753,-15752,-16907,-16861
-14381,-14380,-16469,-16426
-12660,-12658,-15630,-15591
-10627,-10624,-14411,-14377
-8336,-8332,-12843,-12815
-5843,-5838,-10959,-10937
-3207,-3202,-8808,-8794
-493,-488,-6443,-6437
2231,2237,-3923,-3924
4904,4909,-1304,-1313
7458,7464,1343,1327
9828,9832,3959,3935
11957,11961,6480,6450
13797,13800,8843,8807
15303,15305,10988,10946
16433,16435,12866,12821
17160,17161,14432,14384
17471,17471,15649,15598
17359,17358,16477,16426
16821,16819,16906,16855
15871,15868,16926,16877
14535,14531,16534,16488
12847,12843,15732,15690
10844,10839,14550,14513
8577,8571,13015,12983
6101,6095,11162,11138
3476,3469,9035,9018
765,758,6689,6680
-1961,-1968,4181,4179
-4642,-4648,1568,1574
-7211,-7217,-1080,-1065
-9606,-9610,-3702,-3680
-11760,-11764,-6236,-6207
-13630,-13633,-8620,-8584
-15170,-15172,-10789,-10747
-16343,-16344,-12695,-12649
-17109,-17108,-14293,-14244
-17460,-17458,-15547,-15495
-17388,-17385,-16415,-16362
-16895,-16891,-16883,-16830
-15981,-15976,-16941,-16890
-14681,-14675,-16590,-16541
-13024,-13017,-15828,-15784
-11051,-11043,-14681,-14641
-8804,-8797,-13177,-13143
-6345,-6337,-11353,-11326
-3731,-3723,-9250,-9231
-1025,-1017,-6922,-6910
1704,1711,-4425,-4422
4391,4398,-1820,-1825
6973,6979,828,815
9388,9392,3456,3435
11569,11573,6000,5972
13467,13469,8401,8366
15038,15040,10595,10555
16246,16246,12527,12481
17053,17052,14156,14106
17443,17440,15441,15389
17409,17405,16351,16297
16952,16947,16855,16802
16081,16074,16950,16898
14814,14807,16634,16585
13187,13179,15914,15868
11240,11231,14800,14759
9018,9009,13326,13291
6575,6566,11529,11500
3973,3965,9451,9430
1273,1264,7141,7127
-1458,-1466,4657,4652
-4151,-4158,2059,2062
-6744,-6750,-589,-577
-9174,-9179,-3221,-3201
-11382,-11385,-5775,-5747
-13305,-13307,-8188,-8154
-14905,-14906,-10405,-10364
-16145,-16145,-12362,-12316
-16992,-16991,-14017,-13968
-17417,-17414,-15333,-15281
-17419,-17414,-16277,-16223
-16998,-16993,-16819,-16765
-16165,-16158,-16949,-16896
-14931,-14923,-16669,-16618
-13334,-13326,-15983,-15936
-11413,-11404,-14904,-14861
-9214,-9205,-13460,-13424
-6790,-6780,-11690,-11660
-4201,-4191,-9635,-9612
-1507,-1498,-7343,-7329
1222,1231,-4874,-4868
3920,3928,-2285,-2287
6522,6529,360,349
8966,8971,2995,2977
11193,11197,5556,5530
13143,13145,7982,7949
14770,14771,10214,10175
16039,16038,12198,12153
16919,16917,13878,13828
17383,17380,15221,15169
17420,17415,16196,16142
17033,17027,16775,16721
16233,16225,16939,16885
15035,15027,16692,16640
13467,13458,16039,15991
11573,11563,14995,14952
9397,9387,13581,13543
6991,6981,11836,11805
4415,4405,9805,9781
1732,1722,7533,7517
-994,-1003,5078,5071
-3697,-3705,2500,2501
-6306,-6313,-139,-130
-8761,-8767,-2778,-2760
-11005,-11009,-5344,-5318
-12981,-12984,-7780,-7747
-14633,-14634,-10026,-9987
-15930,-15929,-12032,-11987
-16841,-16839,-13737,-13688
-17342,-17338,-15106,-15054
-17411,-17406,-16110,-16055
-17059,-17053,-16722,-16668
-16291,-16284,-16921,-16867
-15129,-15120,-16706,-16654
-13592,-13582,-16085,-16037
-11724,-11713,-15074,-15030
-9571,-9561,-13692,-13653
-7185,-7175,-11975,-11943
-4624,-4614,-9966,-9942
-1950,-1940,-7715,-7699
771,780,-5277,-5268
3475,3483,-2709,-2709
6091,6098,-75,-84
8557,8563,2560,2543
10816,10821,5133,5109
12813,12816,7578,7546
14494,14495,9839,9800
15818,15817,11861,11817
16759,16756,13594,13545
17292,17288,14990,14938
17401,17396,16021,15967
17083,17076,16664,16609
16350,16342,16901,16847
15219,15210,16719,16667
13716,13707,16131,16082
11876,11866,15152,15107
9748,9738,13804,13765
7383,7373,12114,12081
4838,4828,10131,10106
2175,2166,7902,7885
-540,-549,5481,5471
-3244,-3252,2925,2924
-5868,-5875,298,306
-8345,-8351,-2335,-2319
-10619,-10624,-4914,-4890
-12637,-12640,-7368,-7337
-14348,-14349,-9643,-9605
-15702,-15701,-11683,-11640
-16674,-16672,-13442,-13394
-17243,-17239,-14867,-14816
-17393,-17387,-15929,-15875
-17111,-17104,-16605,-16550
-16414,-16406,-16878,-16824
-15318,-15309,-16735,-16682
-13852,-13842,-16183,-16134
-12042,-12031,-15237,-15192
-9940,-9930,-13923,-13883
-7598,-7587,-12267,-12233
-5070,-5060,-10310,-10284
-2418,-2408,-8104,-8086
291,300,-5700,-5690
2994,3002,-3158,-3156
5626,5633,-539,-546
8118,8123,2092,2077
10410,10414,4675,4652
12450,12453,7142,7112
14189,14190,9433,9395
15579,15579,11494,11451
16587,16585,13279,13231
17192,17189,14739,14687
17382,17377,15833,15780
17145,17138,16545,16490
16487,16480,16855,16801
15430,15421,16756,16703
13998,13988,16242,16192
12224,12214,15335,15289
10151,10141,14055,14015
7832,7821,12434,12400
5322,5312,10507,10480
2683,2673,8325,8306
-20,-30,5940,5930
-2724,-2733,3412,3410
-5363,-5371,800,806
-7872,-7878,-1830,-1815
-10184,-10189,-4417,-4395
-12249,-12252,-6899,-6869
-14019,-14020,-9207,-9170
-15449,-15449,-11292,-11249
-16495,-16493,-13103,-13056
-17141,-17137,-14598,-14547
-17372,-17367,-15733,-15679
-17183,-17177,-16482,-16427
-16568,-16560,-16833,-16779
-15550,-15542,-16777,-16724
-14156,-14147,-16307,-16257
-12418,-12408,-15440,-15394
-10376,-10365,-14198,-14157
-8081,-8070,-12612,-12577
-5589,-5578,-10716,-10689
-2962,-2952,-8559,-8540
-262,-252,-6195,-6183
2443,2451,-3680,-3677
5089,5097,-1075,-1080
7615,7621,1555,1542
9951,9956,4148,4127
12043,12047,6642,6613
13845,13847,8974,8938
15311,15312,11083,11041
16402,16401,12924,12877
17091,17088,14453,14402
17366,17361,15630,15577
17220,17213,16421,16366
16652,16645,16814,16760
15676,15668,16800,16747
14320,14311,16377,16327
12617,12607,15550,15503
10605,10594,14346,14304
8333,8322,12793,12758
5860,5849,10931,10902
3244,3234,8798,8778
547,537,6452,6440
-2160,-2169,3951,3947
-4817,-4825,1350,1355
-7358,-7364,-1280,-1267
-9720,-9726,-3880,-3859
-11841,-11845,-6388,-6359
-13676,-13678,-8741,-8706
-15179,-15179,-10878,-10837
-16315,-16314,-12750,-12703
-17046,-17043,-14313,-14262
-17364,-17359,-15530,-15477
-17261,-17255,-16364,-16310
-16739,-16732,-16799,-16744
-15804,-15795,-16827,-16773
-14484,-14474,-16446,-16396
-12813,-12803,-15662,-15615
-10831,-10820,-14494,-14453
-8582,-8571,-12975,-12939
-6124,-6113,-11141,-11112
-3518,-3507,-9034,-9012
-823,-813,-6705,-6691
1889,1898,-4215,-4210
4556,4564,-1619,-1623
7114,7121,1015,1002
9500,9506,3623,3603
11652,11656,6145,6117
13518,13521,8519,8484
15057,15058,10685,10644
16232,16231,12587,12541
17009,17006,14184,14134
17368,17364,15438,15385
17306,17300,16316,16262
16824,16817,16791,16736
15930,15922,16858,16804
14645,14635,16517,16466
13004,12994,15773,15726
11046,11036,14640,14598
8819,8808,13151,13115
6375,6365,11343,11314
3777,3766,9258,9237
1084,1074,6945,6932
-1634,-1643,4464,4458
-4312,-4320,1873,1876
-6886,-6893,-764,-753
-9293,-9299,-3382,-3363
-11477,-11481,-5919,-5891
-13374,-13376,-8311,-8277
-14947,-14947,-10505,-10464
-16159,-16158,-12437,-12391
-16979,-16976,-14066,-14016
-17376,-17372,-15355,-15302
-17352,-17346,-16272,-16217
-16907,-16899,-16787,-16732
-16052,-16044,-16891,-16838
-14798,-14789,-16586,-16535
-13185,-13175,-15878,-15831
-11252,-11242,-14780,-14737
-9044,-9033,-13320,-13283
-6613,-6602,-11536,-11506
-4022,-4012,-9471,-9448
-1332,-1322,-7173,-7159
1391,1400,-4700,-4695
4080,4088,-2113,-2116
6670,6677,527,516
9097,9103,3155,3136
11306,11310,5704,5677
13236,13238,8115,8081
14841,14842,10331,10290
16087,16086,12295,12249
16942,16940,13954,13904
17382,17378,15275,15222
17394,17388,16226,16171
16984,16977,16782,16727
16161,16153,16922,16868
14943,14934,16650,16599
13357,13347,15975,15927
11447,11437,14912,14869
9258,9247,13478,13441
6841,6830,11718,11687
4259,4248,9673,9650
1571,1562,7391,7376
-1154,-1163,4927,4921
-3855,-3863,2345,2347
-6456,-6463,-296,-286
-8903,-8909,-2932,-2913
-11134,-11138,-5493,-5466
-13095,-13098,-7921,-7887
-14730,-14730,-10157,-10117
-16007,-16006,-12148,-12102
-16897,-16895,-13836,-13787
-17378,-17374,-15188,-15136
-17425,-17419,-16171,-16117
-17049,-17042,-16763,-16708
-16260,-16252,-16941,-16887
-15076,-15067,-16704,-16652
-13518,-13509,-16061,-16013
-11632,-11622,-15029,-14985
-9463,-9453,-13627,-13589
-7064,-7053,-11891,-11860
-4491,-4481,-9866,-9843
-1810,-1800,-7601,-7586
916,926,-5151,-5143
3623,3631,-2574,-2576
6237,6244,65,55
8700,8706,2704,2686
10951,10955,5277,5251
12937,12940,7718,7685
14606,14607,9973,9933
15914,15914,11986,11941
16837,16835,13707,13658
17352,17348,15088,15036
17442,17436,16104,16049
17102,17095,16729,16674
16347,16339,16946,16892
15195,15186,16744,16692
13672,13662,16135,16087
11813,11803,15135,15091
9666,9656,13767,13728
7285,7274,12058,12027
4727,4716,10057,10032
2052,2042,7811,7795
-672,-681,5376,5368
-3380,-3388,2808,2809
-6008,-6015,172,182
-8483,-8489,-2467,-2449
-10754,-10759,-5049,-5024
-12765,-12768,-7504,-7471
-14466,-14468,-9776,-9737
-15807,-15807,-11811,-11766
-16764,-16762,-13561,-13511
-17315,-17312,-14974,-14922
-17447,-17442,-16022,-15968
-17145,-17138,-16681,-16627
-16427,-16419,-16937,-16883
-15310,-15302,-16775,-16723
-13822,-13812,-16202,-16153
-11992,-11982,-15237,-15192
-9871,-9861,-13901,-13862
-7511,-7500,-12224,-12192
-4968,-4958,-10249,-10224
-2303,-2293,-8024,-8007
417,426,-5605,-5596
3128,3136,-3049,-3049
5764,5771,-418,-427
8258,8264,2221,2205
10548,10552,4810,4785
12583,12586,7280,7248
14314,14315,9569,9530
15692,15692,11626,11582
16685,16683,13402,13353
17274,17270,14853,14800
17443,17438,15934,15880
17186,17180,16629,16574
16507,16499,16922,16868
15427,15418,16803,16750
13973,13963,16268,16219
12177,12167,15338,15294
10083,10072,14037,13998
7744,7733,12394,12361
5217,5206,10446,10420
2562,2552,8244,8226
-153,-163,5842,5833
-2866,-2875,3298,3297
-5510,-5518,673,681
-8021,-8027,-1966,-1950
-10331,-10336,-4560,-4535
-12391,-12394,-7045,-7013
-14151,-14153,-9353,-9315
-15569,-15569,-11433,-11389
-16599,-16598,-13236,-13187
-17227,-17224,-14720,-14668
-17438,-17433,-15840,-15786
-17227,-17221,-16573,-16518
-16588,-16581,-16904,-16850
-15548,-15539,-16827,-16774
-14130,-14120,-16335,-16285
-12368,-12358,-15444,-15399
-10303,-10293,-14178,-14138
-7988,-7977,-12569,-12536
-5479,-5468,-10652,-10626
-2836,-2826,-8474,-8456
-123,-114,-6092,-6082
2590,2599,-3560,-3559
5242,5250,-942,-949
7769,7775,1698,1682
10103,10108,4297,4273
12190,12193,6793,6762
13981,13982,9124,9086
15435,15435,11228,11185
16510,16508,13061,13012
17179,17176,14577,14525
17432,17427,15740,15686
17264,17257,16513,16458
16672,16665,16885,16830
15672,15663,16850,16797
14292,14282,16404,16354
12564,12554,15552,15507
10530,10520,14325,14284
8238,8227,12749,12715
5746,5736,10864,10837
3115,3105,8711,8692
405,396,6346,6336
-2310,-2319,3829,3827
-4972,-4980,1215,1222
-7514,-7520,-1425,-1410
-9874,-9879,-4032,-4009
-11988,-11992,-6541,-6510
-13812,-13814,-8894,-8856
-15302,-15302,-11025,-10981
-16423,-16421,-12887,-12839
-17134,-17130,-14438,-14386
-17430,-17425,-15640,-15586
-17304,-17298,-16456,-16401
-16759,-16752,-16870,-16815
-15799,-15790,-16876,-16823
-14455,-14446,-16473,-16422
-12761,-12751,-15664,-15618
-10756,-10746,-14473,-14432
-8487,-8476,-12930,-12895
-6011,-6001,-11073,-11046
-3390,-3380,-8946,-8926
-683,-674,-6599,-6588
2037,2046,-4093,-4090
4709,4717,-1485,-1491
7266,7273,1157,1143
9650,9655,3772,3750
11795,11799,6295,6265
13652,13654,8668,8631
15178,15178,10829,10786
16336,16335,12721,12673
17095,17092,14306,14254
17432,17428,15545,15491
17348,17342,16406,16351
16843,16836,16860,16805
15926,15918,16906,16853
14617,14608,16542,16491
12953,12943,15776,15730
10975,10965,14620,14578
8729,8718,13108,13073
6268,6257,11279,11251
3656,3645,9175,9155
952,942,6845,6833
-1775,-1783,4349,4345
-4456,-4463,1746,1751
-7030,-7036,-900,-886
-9435,-9440,-3523,-3501
-11612,-11616,-6060,-6031
-13499,-13501,-8452,-8415
-15059,-15060,-10640,-10598
-16255,-16254,-12563,-12516
-17058,-17055,-14181,-14129
-17436,-17432,-15455,-15401
-17391,-17386,-16355,-16300
-16925,-16918,-16852,-16797
-16048,-16040,-16936,-16883
-14773,-14764,-16610,-16559
-13140,-13130,-15881,-15834
-11187,-11177,-14762,-14720
-8962,-8951,-13281,-13246
-6516,-6506,-11477,-11449
-3913,-3903,-9395,-9374
-1213,-1203,-7082,-7069
1517,1526,-4596,-4593
4210,4218,-1998,-2003
6799,6806,649,636
9225,9230,3282,3261
11427,11431,5832,5803
13349,13351,8241,8205
14942,14943,10452,10410
16174,16173,12408,12361
17013,17011,14057,14006
17436,17432,15364,15311
17430,17425,16300,16245
17001,16995,16840,16785
16159,16152,16963,16909
14924,14915,16673,16622
13319,13310,15980,15932
11392,11382,14897,14855
9188,9177,13446,13410
6759,6748,11669,11640
4166,4155,9608,9587
1469,1459,7313,7300
-1262,-1271,4839,4835
-3966,-3974,2246,2250
-6568,-6575,-400,-388
-9012,-9018,-3041,-3020
-11238,-11242,-5603,-5574
-13193,-13195,-8029,-7994
-14817,-14818,-10261,-10219
-16084,-16083,-12245,-12198
-16960,-16958,-13926,-13875
-17425,-17422,-15267,-15213
-17457,-17452,-16238,-16183
-17066,-17060,-16814,-16759
-16261,-16253,-16978,-16924
-15061,-15052,-16725,-16673
-13488,-13479,-16067,-16019
-11588,-11578,-15018,-14976
-9406,-9395,-13601,-13564
-6994,-6984,-11851,-11822
-4412,-4402,-9813,-9791
-1722,-1713,-7536,-7522
1009,1018,-5076,-5070
3718,3726,-2490,-2494
6334,6341,154,142
8794,8800,2797,2776
11042,11046,5372,5344
13023,13026,7813,7777
14683,14684,10063,10022
15982,15982,12072,12025
16893,16891,13785,13735
17396,17392,15158,15104
17471,17466,16162,16107
17117,17111,16774,16719
16348,16341,16980,16926
15182,15173,16764,16712
13645,13636,16140,16092
11772,11763,15126,15083
9614,9604,13744,13707
7221,7211,12022,11992
4654,4644,10008,9985
1972,1963,7751,7737
-757,-766,5305,5300
-3469,-3477,2731,2734
-6097,-6104,89,101
-8573,-8578,-2555,-2535
-10839,-10844,-5138,-5111
-12844,-12847,-7592,-7557
-14539,-14540,-9861,-9820
-15869,-15869,-11891,-11845
-16815,-16813,-13633,-13583
-17353,-17350,-15038,-14985
-17471,-17467,-16075,-16020
-17155,-17149,-16723,-16668
-16422,-16415,-16965,-16910
-15291,-15283,-16789,-16737
-13788,-13779,-16202,-16154
-11946,-11936,-15221,-15178
-9812,-9802,-13872,-13834
-7440,-7430,-12182,-12151
-4888,-4878,-10193,-10170
-2215,-2206,-7957,-7942
510,518,-5528,-5521
3223,3230,-2964,-2966
5859,5866,-329,-339
8350,8355,2314,2295
10635,10639,4903,4876
12663,12666,7372,7338
14384,14385,9657,9616
15750,15750,11708,11662
16731,16729,13475,13425
17304,17302,14914,14861
17458,17454,15983,15928
17185,17179,16664,16609
16488,16482,16941,16886
15392,15385,16807,16755
13921,13913,16255,16207
12111,12102,15309,15265
10004,9995,13991,13953
7653,7644,12334,12302
5117,5108,10372,10348
2454,2446,8158,8142
-265,-273,5746,5738
-2979,-2986,3194,3196
-5622,-5628,565,574
-8128,-8133,-2077,-2059
-10430,-10435,-4670,-4644
-12480,-12483,-7150,-7117
-14228,-14229,-9453,-9413
-15630,-15630,-11523,-11478
-16643,-16642,-13315,-13265
-17252,-17249,-14784,-14731
-17443,-17439,-15888,-15833
-17211,-17206,-16603,-16547
-16552,-16546,-16915,-16861
-15490,-15483,-16817,-16765
-14053,-14046,-16306,-16256
-12275,-12266,-15394,-15350
-10193,-10184,-14110,-14071
-7864,-7856,-12482,-12450
-5345,-5336,-10549,-10524
-2694,-2685,-8357,-8341
20,28,-5963,-5955
2735,2742,-3424,-3424
5383,5390,-800,-810
7902,7908,1840,1822
10226,10230,4436,4411
12298,12301,6927,6894
14071,14073,9249,9209
15505,15505,11339,11294
16557,16556,13155,13106
17202,17200,14653,14600
17430,17427,15795,15740
17235,17231,16544,16489
16618,16613,16892,16837
15593,15587,16830,16778
14189,14182,16360,16311
12440,12432,15483,15439
10388,10380,14232,14193
8081,8072,12634,12602
5578,5569,10731,10706
2938,2930,8561,8545
226,218,6184,6176
-2487,-2494,3658,3658
-5143,-5149,1041,1050
-7674,-7679,-1599,-1582
-10020,-10024,-4201,-4175
-12115,-12119,-6701,-6669
-13916,-13918,-9040,-9001
-15381,-15382,-11155,-11110
-16474,-16474,-12997,-12947
-17156,-17154,-14524,-14471
-17422,-17419,-15699,-15644
-17266,-17262,-16488,-16432
-16691,-16686,-16872,-16818
-15703,-15697,-16849,-16796
-14333,-14326,-16415,-16366
-12615,-12608,-15579,-15535
-10591,-10583,-14361,-14322
-8305,-8297,-12795,-12763
-5819,-5811,-10918,-10893
-3191,-3183,-8774,-8757
-483,-476,-6414,-6406
2234,2241,-3900,-3901
4898,4904,-1290,-1298
7442,7448,1352,1335
9808,9812,3960,3934
11932,11935,6471,6439
13762,13764,8828,8789
15260,15261,10968,10924
16388,16387,12837,12788
17114,17112,14395,14343
17420,17417,15605,15550
17303,17299,16436,16380
16767,16762,16858,16803
15820,15814,16872,16819
14485,14478,16477,16428
12798,12790,15682,15638
10800,10792,14499,14460
8538,8530,12963,12931
6067,6060,11113,11088
3450,3442,8993,8976
746,739,6651,6642
-1976,-1983,4149,4149
-4648,-4654,1544,1553
-7207,-7212,-1099,-1082
-9593,-9597,-3714,-3689
-11747,-11750,-6239,-6206
-13608,-13610,-8612,-8573
-15139,-15140,-10779,-10734
-16305,-16304,-12678,-12629
-17075,-17074,-14268,-14215
-17421,-17418,-15512,-15458
-17344,-17341,-16382,-16326
-16847,-16842,-16847,-16792
-15941,-15936,-16900,-16848
-14641,-14635,-16544,-16494
-12985,-12979,-15786,-15741
-11013,-11006,-14640,-14601
-8773,-8766,-13136,-13104
-6318,-6311,-11313,-11288
-3711,-3703,-9216,-9198
-1010,-1003,-6892,-6883
1715,1722,-4400,-4400
4398,4404,-1800,-1808
6973,6978,843,827
9379,9383,3468,3444
11560,11563,6005,5973
13455,13458,8397,8359
15021,15022,10588,10543
16223,16223,12520,12471
17032,17031,14143,14090
17423,17421,15421,15367
17387,17383,16328,16272
16928,16923,16837,16783
16059,16054,16930,16877
14797,14791,16611,16561
13171,13164,15889,15845
11225,11218,14782,14743
9007,8999,13308,13275
6567,6560,11512,11486
3968,3961,9436,9418
1272,1265,7130,7120
-1456,-1463,4649,4648
-4150,-4156,2054,2062
-6740,-6745,-590,-574
-9167,-9171,-3223,-3199
-11373,-11376,-5775,-5743
-13304,-13307,-8186,-8147
-14903,-14904,-10399,-10354
-16140,-16141,-12361,-12312
-16987,-16986,-14017,-13965
-17423,-17421,-15331,-15276
-17426,-17423,-16273,-16218
-17005,-17002,-16821,-16767
-16173,-16168,-16956,-16903
-14947,-14942,-16675,-16625
-13352,-13346,-15989,-15944
-11432,-11426,-14915,-14875
-9234,-9227,-13475,-13443
-6811,-6804,-11705,-11680
-4222,-4215,-9651,-9633
-1529,-1522,-7361,-7352
1201,1207,-4892,-4891
3904,3910,-2303,-2311
6510,6515,342,325
8956,8960,2981,2956
11186,11189,5547,5515
13145,13147,7974,7936
14781,14782,10209,10165
16054,16055,12198,12149
16938,16937,13890,13838
17412,17410,15236,15182
17459,17456,16214,16159
17076,17073,16799,16744
16279,16275,16976,16924
15086,15081,16732,16683
13526,13520,16082,16037
11632,11626,15041,15001
9456,9450,13635,13602
7050,7043,11892,11866
4472,4466,9860,9842
1784,1778,7589,7579
-946,-952,5133,5132
-3656,-3662,2550,2557
-6278,-6283,-94,-78
-8742,-8746,-2737,-2713
-10994,-10998,-5315,-5284
-12981,-12983,-7760,-7722
-14655,-14656,-10016,-9972
-15961,-15962,-12030,-11981
-16882,-16882,-13753,-13701
-17393,-17392,-15136,-15082
-17483,-17480,-16148,-16093
-17138,-17135,-16770,-16715
-16377,-16373,-16985,-16932
-15219,-15214,-16781,-16732
-13690,-13684,-16166,-16121
-11823,-11818,-15159,-15120
-9669,-9663,-13784,-13751
-7279,-7273,-12070,-12044
-4712,-4706,-10060,-10042
-2029,-2023,-7806,-7797
702,708,-5363,-5361
3419,3424,-2786,-2793
6053,6058,-143,-159
8537,8541,2504,2480
10812,10815,5092,5061
12825,12827,7557,7519
14527,14529,9832,9788
15873,15873,11870,11821
16829,16828,13620,13568
17375,17374,15040,14986
17501,17499,16086,16031
17197,17194,16742,16687
16470,16467,16991,16939
15344,15340,16828,16779
13844,13840,16247,16202
12006,12001,15271,15232
9872,9866,13925,13892
7498,7493,12240,12214
4942,4937,10252,10234
2264,2258,8014,8005
-466,-472,5583,5582
-3188,-3193,3014,3022
-5833,-5838,372,388
-8338,-8342,-2279,-2255
-10633,-10636,-4875,-4844
-12671,-12673,-7355,-7317
-14401,-14403,-9652,-9608
-15785,-15786,-11712,-11664
-16773,-16773,-13490,-13438
-17355,-17354,-14940,-14886
-17516,-17514,-16022,-15967
-17251,-17249,-16711,-16657
-16559,-16556,-16995,-16943
-15464,-15461,-16866,-16817
-13993,-13989,-16323,-16278
-12183,-12178,-15379,-15339
-10071,-10066,-14062,-14028
-7715,-7709,-12403,-12377
-5171,-5166,-10439,-10421
-2500,-2494,-8221,-8211
231,236,-5802,-5800
2957,2962,-3241,-3248
5612,5616,-600,-616
8131,8135,2052,2029
10449,10453,4657,4626
12511,12513,7149,7111
14269,14271,9468,9424
15682,15683,11550,11502
16711,16711,13352,13301
17327,17326,14832,14778
17523,17522,15951,15896
17294,17292,16674,16619
16642,16640,16992,16939
15580,15577,16898,16849
14140,14136,16393,16348
12357,12352,15482,15443
10271,10266,14195,14162
7934,7929,12564,12537
5403,5398,10627,10608
2741,2736,8428,8417
11,6,6023,6021
-2716,-2721,3473,3480
-5379,-5383,837,852
-7911,-7914,-1817,-1794
-10253,-10256,-4428,-4397
-12337,-12339,-6931,-6894
-14123,-14125,-9268,-9225
-15567,-15568,-11374,-11326
-16634,-16634,-13202,-13150
-17286,-17286,-14710,-14657
-17520,-17519,-15863,-15808
-17328,-17326,-16624,-16569
-16716,-16713,-16977,-16924
-15690,-15687,-16919,-16869
-14283,-14279,-16451,-16406
-12529,-12525,-15578,-15538
-10471,-10466,-14324,-14291
-8155,-8150,-12723,-12696
-5642,-5637,-10812,-10793
-2991,-2986,-8637,-8626
-266,-262,-6250,-6248
2462,2467,-3713,-3719
5131,5135,-1084,-1099
7675,7679,1571,1548
10035,10038,4185,4155
12146,12149,6699,6661
13959,13961,9050,9007
15433,15435,11182,11134
16534,16535,13034,12983
17229,17229,14571,14517
17501,17500,15755,15700
17348,17346,16557,16503
16774,16772,16947,16894
15790,15787,16926,16877
14419,14415,16496,16450
12697,12693,15664,15624
10667,10663,14445,14411
8377,8372,12875,12849
5883,5878,10994,10975
3246,3241,8845,8834
529,525,6479,6477
-2200,-2204,3956,3963
-4873,-4877,1337,1352
-7427,-7431,-1315,-1292
-9801,-9805,-3933,-3902
-11940,-11943,-6454,-6417
-13779,-13781,-8819,-8776
-15284,-15286,-10971,-10923
-16419,-16419,-12851,-12800
-17157,-17157,-14417,-14363
-17467,-17466,-15633,-15578
-17354,-17353,-16470,-16416
-16821,-16819,-16903,-16850
-15879,-15876,-16921,-16871
-14546,-14543,-16529,-16484
-12859,-12855,-15736,-15696
-10860,-10856,-14558,-14524
-8598,-8594,-13023,-12996
-6125,-6120,-11173,-11154
-3505,-3500,-9051,-9040
-798,-794,-6708,-6706
1927,1932,-4204,-4210
4605,4609,-1596,-1611
7168,7172,1050,1027
9558,9561,3671,3641
11717,11719,6200,6162
13587,13589,8577,8534
15123,15125,10747,10700
16293,16293,12656,12605
17068,17068,14251,14197
17426,17425,15500,15445
17354,17352,16373,16318
16862,16860,16850,16797
15961,15959,16907,16857
14672,14668,16556,16511
13021,13018,15803,15763
11055,11051,14668,14634
8821,8817,13169,13142
6372,6368,11352,11333
3769,3764,9260,9249
1074,1070,6941,6939
-1646,-1651,4455,4462
-4330,-4334,1861,1875
-6901,-6905,-779,-756
-9306,-9310,-3401,-3371
-11486,-11489,-5937,-5900
-13389,-13391,-8328,-8285
-14957,-14958,-10517,-10469
-16162,-16163,-12452,-12400
-16977,-16977,-14079,-14025
-17380,-17380,-15361,-15306
-17352,-17351,-16273,-16218
-16904,-16902,-16789,-16736
-16046,-16043,-16893,-16843
-14799,-14795,-16584,-16538
-13187,-13184,-15873,-15832
-11255,-11251,-14777,-14743
-9050,-9046,-13320,-13293
-6626,-6621,-11536,-11517
-4040,-4035,-9474,-9463
-1356,-1351,-7181,-7178
1360,1365,-4713,-4720
4045,4050,-2131,-2146
6630,6634,501,478
9051,9054,3123,3093
11253,11256,5670,5633
13183,13185,8074,8031
14790,14791,10283,10235
16033,16034,12243,12192
16887,16888,13906,13852
17334,17333,15224,15169
17356,17355,16173,16118
16951,16949,16731,16678
16136,16133,16883,16833
14930,14927,16616,16570
13359,13355,15947,15907
11462,11457,14892,14858
9285,9280,13476,13449
6883,6878,11727,11707
4315,4310,9693,9682
1641,1636,7424,7421
-1073,-1077,4976,4982
-3762,-3766,2405,2419
-6360,-6364,-222,-200
-8799,-8803,-2846,-2817
-11025,-11028,-5403,-5366
-12984,-12986,-7824,-7781
-14630,-14632,-10054,-10007
-15912,-15912,-12040,-11989
-16807,-16807,-13737,-13683
-17297,-17296,-15095,-15040
-17367,-17365,-16083,-16028
-17007,-17005,-16682,-16629
-16235,-16232,-16877,-16826
-15068,-15065,-16657,-16611
-13537,-13533,-16030,-15989
-11671,-11667,-15015,-14980
-9522,-9518,-13635,-13607
-7142,-7138,-11921,-11901
-4588,-4584,-9916,-9904
-1921,-1917,-7670,-7666
790,795,-5237,-5242
3485,3489,-2677,-2690
6096,6100,-51,-73
8557,8561,2575,2546
10808,10811,5141,5105
12797,12799,7582,7540
14478,14479,9835,9788
15803,15804,11850,11799
16740,16740,13578,13525
17271,17271,14977,14922
17385,17383,16005,15950
17073,17072,16645,16592
16341,16339,16881,16831
15213,15210,16709,16662
13716,13713,16122,16081
11884,11880,15144,15109
9760,9756,13799,13771
7398,7394,12119,12098
4858,4853,10140,10127
2197,2192,7914,7909
-516,-520,5496,5500
-3217,-3221,2943,2955
-5842,-5846,319,339
-8327,-8330,-2312,-2284
-10603,-10606,-4889,-4854
-12623,-12625,-7350,-7309
-14337,-14339,-9628,-9582
-15705,-15706,-11671,-11620
-16682,-16683,-13431,-13378
-17256,-17255,-14868,-14813
-17411,-17410,-15937,-15882
-17144,-17142,-16617,-16564
-16452,-16450,-16895,-16844
-15361,-15358,-16762,-16715
-13897,-13893,-16218,-16176
-12095,-12091,-15277,-15241
-9995,-9990,-13966,-13936
-7651,-7647,-12315,-12293
-5123,-5118,-10362,-10348
-2467,-2462,-8155,-8149
247,252,-5750,-5753
2956,2961,-3204,-3216
5595,5599,-580,-599
8099,8103,2057,2029
10404,10407,4645,4611
12453,12455,7122,7081
14200,14202,9427,9381
15604,15606,11497,11447
16627,16628,13288,13235
17240,17240,14759,14705
17435,17434,15872,15817
17207,17206,16590,16536
16559,16556,16905,16854
15503,15500,16812,16765
14071,14068,16311,16268
12296,12292,15405,15368
10222,10218,14125,14095
7896,7892,12502,12480
5380,5375,10576,10561
2730,2725,8388,8382
13,8,5996,5999
-2700,-2705,3459,3470
-5351,-5356,836,855
-7873,-7876,-1806,-1779
-10204,-10208,-4405,-4371
-12281,-12283,-6897,-6857
-14059,-14061,-9224,-9178
-15498,-15499,-11321,-11272
-16562,-16563,-13142,-13089
-17214,-17214,-14645,-14590
-17448,-17447,-15794,-15739
-17259,-17257,-16553,-16499
-16651,-16649,-16907,-16856
-15631,-15628,-16851,-16803
-14231,-14227,-16386,-16343
-12485,-12481,-15519,-15482
-10436,-10432,-14271,-14240
-8129,-8125,-12677,-12654
-5626,-5622,-10775,-10760
-2985,-2981,-8609,-8602
-270,-266,-6232,-6234
2449,2454,-3705,-3715
5109,5113,-1085,-1103
7645,7649,1560,1534
9997,10000,4166,4132
12102,12105,6671,6631
13911,13913,9015,8970
15382,15383,11140,11091
16480,16481,12989,12936
17175,17175,14522,14468
17447,17446,15703,15649
17295,17294,16504,16450
16724,16722,16894,16842
15744,15742,16875,16826
14377,14374,16446,16402
12661,12657,15618,15580
10637,10633,14403,14372
8353,8348,12839,12815
5865,5861,10963,10947
3235,3230,8820,8812
525,520,6460,6461
-2198,-2203,3944,3954
-4865,-4870,1332,1349
-7414,-7418,-1314,-1289
-9784,-9788,-3927,-3894
-11918,-11921,-6443,-6404
-13753,-13756,-8803,-8759
-15256,-15257,-10951,-10902
-16388,-16389,-12827,-12775
-17124,-17125,-14390,-14336
-17434,-17434,-15604,-15549
-17321,-17320,-16440,-16386
-16787,-16785,-16871,-16819
-15847,-15844,-16889,-16840
-14515,-14511,-16497,-16452
-12829,-12825,-15705,-15666
-10832,-10828,-14527,-14495
-8572,-8567,-12994,-12969
-6101,-6096,-11145,-11128
-3483,-3478,-9025,-9017
-779,-775,-6684,-6684
1944,1949,-4182,-4191
4619,4624,-1577,-1594
7180,7184,1067,1042
9567,9570,3686,3654
11723,11726,6211,6172
13591,13594,8587,8542
15124,15126,10754,10706
16291,16292,12661,12609
17063,17063,14252,14198
17417,17417,15498,15444
17343,17342,16370,16315
16848,16846,16843,16790
15944,15941,16898,16849
14651,14647,16543,16499
12997,12994,15788,15749
11028,11024,14649,14616
8791,8786,13148,13122
6339,6335,11327,11309
3734,3729,9231,9222
1036,1031,6910,6909
-1686,-1691,4421,4429
-4370,-4374,1825,1841
-6943,-6947,-816,-792
-9348,-9351,-3440,-3408
-11526,-11529,-5978,-5939
-13427,-13429,-8368,-8324
-14991,-14993,-10556,-10507
-16193,-16194,-12489,-12437
-17001,-17002,-14113,-14059
-17399,-17398,-15393,-15338
-17365,-17364,-16298,-16244
-16908,-16906,-16810,-16757
-16042,-16039,-16908,-16858
-14786,-14783,-16591,-16545
-13166,-13162,-15872,-15832
-11225,-11221,-14768,-14734
-9011,-9007,-13302,-13275
-6579,-6574,-11510,-11492
-3986,-3981,-9438,-9428
-1295,-1291,-7138,-7136
1427,1431,-4663,-4670
4115,4119,-2075,-2090
6701,6705,564,540
9123,9127,3190,3159
11324,11327,5739,5701
13251,13253,8144,8101
14853,14855,10353,10305
16090,16091,12310,12259
16936,16936,13970,13916
17373,17373,15282,15227
17385,17383,16224,16169
16968,16966,16772,16720
16140,16138,16915,16865
14921,14918,16637,16591
13338,13334,15956,15915
11426,11422,14887,14853
9238,9234,13459,13432
6825,6820,11697,11678
4246,4241,9651,9640
1563,1559,7372,7369
-1156,-1161,4912,4918
-3851,-3855,2333,2348
-6453,-6457,-302,-279
-8891,-8894,-2931,-2901
-11115,-11118,-5491,-5454
-13070,-13073,-7914,-7871
-14709,-14711,-10142,-10095
-15983,-15984,-12126,-12075
-16868,-16868,-13817,-13763
-17345,-17344,-15166,-15112
-17401,-17400,-16145,-16090
-17027,-17025,-16732,-16679
-16238,-16236,-16914,-16864
-15057,-15054,-16682,-16636
-13509,-13505,-16040,-15999
-11629,-11625,-15009,-14974
-9465,-9461,-13613,-13586
-7072,-7068,-11885,-11865
-4508,-4503,-9865,-9854
-1831,-1826,-7606,-7603
888,892,-5162,-5168
3587,3591,-2592,-2606
6201,6204,40,18
8661,8665,2673,2643
10908,10911,5241,5205
12891,12894,7684,7641
14563,14564,9933,9886
15878,15879,11943,11892
16802,16802,13664,13610
17319,17318,15054,14999
17417,17416,16070,16015
17088,17086,16695,16642
16339,16337,16918,16867
15194,15191,16729,16682
13679,13676,16126,16084
11831,11827,15131,15096
9693,9688,13769,13741
7318,7314,12073,12052
4766,4762,10079,10066
2096,2092,7840,7836
-622,-627,5410,5415
-3327,-3331,2848,2861
-5952,-5956,217,238
-8435,-8438,-2419,-2390
-10705,-10708,-4997,-4961
-12717,-12719,-7456,-7414
-14421,-14423,-9730,-9683
-15777,-15778,-11765,-11715
-16739,-16740,-13516,-13463
-17296,-17296,-14941,-14886
-17433,-17433,-15997,-15942
-17148,-17147,-16662,-16608
-16439,-16436,-16922,-16871
-15329,-15326,-16772,-16725
-13847,-13844,-16211,-16169
-12029,-12026,-15252,-15216
-9915,-9910,-13923,-13894
-7559,-7554,-12255,-12234
-5020,-5016,-10288,-10275
-2357,-2353,-8068,-8064
362,367,-5653,-5657
3072,3077,-3100,-3113
5709,5713,-470,-490
8209,8212,2169,2141
10506,10509,4757,4722
12545,12548,7230,7189
14280,14282,9529,9483
15670,15671,11589,11539
16676,16676,13370,13317
17271,17271,14826,14772
17447,17446,15924,15869
17200,17199,16625,16571
16533,16531,16923,16872
15459,15456,16811,16764
14009,14006,16292,16250
12220,12216,15368,15331
10131,10127,14071,14041
7794,7790,12432,12410
5269,5265,10492,10478
2613,2609,8292,8286
-106,-110,5891,5894
-2821,-2825,3347,3359
-5468,-5472,720,739
-7983,-7987,-1922,-1895
-10307,-10310,-4519,-4485
-12371,-12374,-7007,-6966
-14137,-14139,-9326,-9280
-15560,-15561,-11413,-11363
-16607,-16607,-13221,-13169
-17240,-17240,-14710,-14655
-17456,-17455,-15841,-15787
-17247,-17245,-16584,-16531
-16621,-16619,-16920,-16869
-15583,-15581,-16845,-16797
-14166,-14162,-16362,-16319
-12405,-12402,-15478,-15441
-10342,-10338,-14213,-14183
-8026,-8022,-12604,-12581
-5514,-5510,-10688,-10674
-2868,-2863,-8511,-8505
-151,-146,-6125,-6128
2568,2573,-3592,-3603
5225,5229,-970,-989
7755,7759,1676,1649
10098,10102,4280,4246
12193,12196,6780,6740
13988,13990,9116,9071
15444,15446,11232,11183
16526,16527,13068,13015
17204,17204,14587,14533
17457,17456,15753,15698
17287,17286,16537,16483
16698,16696,16909,16858
15701,15698,16872,16824
14317,14314,16426,16382
12586,12582,15581,15544
10549,10545,14350,14319
8255,8251,12771,12747
5759,5754,10881,10866
3123,3118,8727,8720
409,405,6359,6360
-2315,-2319,3837,3847
-4979,-4983,1220,1238
-7523,-7527,-1427,-1401
-9885,-9888,-4038,-4005
-12009,-12012,-6550,-6511
-13832,-13835,-8903,-8858
-15321,-15322,-11042,-10993
-16438,-16439,-12908,-12856
-17158,-17158,-14457,-14403
-17451,-17450,-15657,-15602
-17320,-17319,-16477,-16423
-16769,-16767,-16892,-16840
-15811,-15809,-16893,-16845
-14463,-14460,-16484,-16440
-12763,-12759,-15675,-15637
-10753,-10749,-14482,-14451
-8481,-8477,-12934,-12910
-6002,-5997,-11072,-11055
-3377,-3372,-8940,-8933
-669,-664,-6591,-6591
2055,2060,-4081,-4090
4730,4734,-1471,-1489
7286,7290,1174,1149
9667,9670,3794,3761
11814,11817,6315,6276
13671,13673,8685,8641
15191,15193,10845,10796
16343,16344,12743,12691
17099,17099,14322,14268
17437,17436,15554,15499
17345,17344,16410,16356
16833,16831,16867,16815
15912,15909,16906,16857
14603,14600,16534,16490
12934,12930,15762,15723
10951,10947,14607,14575
8702,8697,13091,13066
6241,6236,11256,11239
3628,3624,9148,9140
927,922,6818,6818
-1798,-1802,4322,4330
